id,date,user,pc,url,activity,content
H-C1000-0,05/02/2011 13:05:00,C1000,PC-C1000,https://intranet.dtaa.com/home,WWW Visit,
H-C1001-0,05/02/2011 13:05:00,C1001,PC-C1001,https://intranet.dtaa.com/home,WWW Visit,
H-C1002-0,05/02/2011 13:05:00,C1002,PC-C1002,https://intranet.dtaa.com/home,WWW Visit,
H-C1003-0,05/02/2011 13:05:00,C1003,PC-C1003,https://intranet.dtaa.com/home,WWW Visit,
H-C1004-0,05/02/2011 13:05:00,C1004,PC-C1004,https://intranet.dtaa.com/home,WWW Visit,
H-C1005-0,05/02/2011 13:05:00,C1005,PC-C1005,https://intranet.dtaa.com/home,WWW Visit,
H-C1006-0,05/02/2011 13:05:00,C1006,PC-C1006,https://intranet.dtaa.com/home,WWW Visit,
H-C1007-0,05/02/2011 13:05:00,C1007,PC-C1007,https://intranet.dtaa.com/home,WWW Visit,
H-C1008-0,05/02/2011 13:05:00,C1008,PC-C1008,https://intranet.dtaa.com/home,WWW Visit,
H-C1009-0,05/02/2011 13:05:00,C1009,PC-C1009,https://intranet.dtaa.com/home,WWW Visit,
H-C1010-0,05/02/2011 13:05:00,C1010,PC-C1010,https://intranet.dtaa.com/home,WWW Visit,
H-C1011-0,05/02/2011 13:05:00,C1011,PC-C1011,https://intranet.dtaa.com/home,WWW Visit,
H-C1012-0,05/02/2011 13:05:00,C1012,PC-C1012,https://intranet.dtaa.com/home,WWW Visit,
H-C1013-0,05/02/2011 13:05:00,C1013,PC-C1013,https://intranet.dtaa.com/home,WWW Visit,
H-C1014-0,05/02/2011 13:05:00,C1014,PC-C1014,https://intranet.dtaa.com/home,WWW Visit,
H-C1015-0,05/02/2011 13:05:00,C1015,PC-C1015,https://intranet.dtaa.com/home,WWW Visit,
H-C1016-0,05/02/2011 13:05:00,C1016,PC-C1016,https://intranet.dtaa.com/home,WWW Visit,
H-C1017-0,05/02/2011 13:05:00,C1017,PC-C1017,https://intranet.dtaa.com/home,WWW Visit,
H-C1018-0,05/02/2011 13:05:00,C1018,PC-C1018,https://intranet.dtaa.com/home,WWW Visit,
H-C1019-0,05/02/2011 13:05:00,C1019,PC-C1019,https://intranet.dtaa.com/home,WWW Visit,
H-C1000-1,05/03/2011 13:05:00,C1000,PC-C1000,https://intranet.dtaa.com/home,WWW Visit,
H-C1001-1,05/03/2011 13:05:00,C1001,PC-C1001,https://intranet.dtaa.com/home,WWW Visit,
H-C1002-1,05/03/2011 13:05:00,C1002,PC-C1002,https://intranet.dtaa.com/home,WWW Visit,
H-C1003-1,05/03/2011 13:05:00,C1003,PC-C1003,https://intranet.dtaa.com/home,WWW Visit,
H-C1004-1,05/03/2011 13:05:00,C1004,PC-C1004,https://intranet.dtaa.com/home,WWW Visit,
H-C1005-1,05/03/2011 13:05:00,C1005,PC-C1005,https://intranet.dtaa.com/home,WWW Visit,
H-C1006-1,05/03/2011 13:05:00,C1006,PC-C1006,https://intranet.dtaa.com/home,WWW Visit,
H-C1007-1,05/03/2011 13:05:00,C1007,PC-C1007,https://intranet.dtaa.com/home,WWW Visit,
H-C1008-1,05/03/2011 13:05:00,C1008,PC-C1008,https://intranet.dtaa.com/home,WWW Visit,
H-C1009-1,05/03/2011 13:05:00,C1009,PC-C1009,https://intranet.dtaa.com/home,WWW Visit,
H-C1010-1,05/03/2011 13:05:00,C1010,PC-C1010,https://intranet.dtaa.com/home,WWW Visit,
H-C1011-1,05/03/2011 13:05:00,C1011,PC-C1011,https://intranet.dtaa.com/home,WWW Visit,
H-C1012-1,05/03/2011 13:05:00,C1012,PC-C1012,https://intranet.dtaa.com/home,WWW Visit,
H-C1013-1,05/03/2011 13:05:00,C1013,PC-C1013,https://intranet.dtaa.com/home,WWW Visit,
H-C1014-1,05/03/2011 13:05:00,C1014,PC-C1014,https://intranet.dtaa.com/home,WWW Visit,
H-C1015-1,05/03/2011 13:05:00,C1015,PC-C1015,https://intranet.dtaa.com/home,WWW Visit,
H-C1016-1,05/03/2011 13:05:00,C1016,PC-C1016,https://intranet.dtaa.com/home,WWW Visit,
H-C1017-1,05/03/2011 13:05:00,C1017,PC-C1017,https://intranet.dtaa.com/home,WWW Visit,
H-C1018-1,05/03/2011 13:05:00,C1018,PC-C1018,https://intranet.dtaa.com/home,WWW Visit,
H-C1019-1,05/03/2011 13:05:00,C1019,PC-C1019,https://intranet.dtaa.com/home,WWW Visit,
H-C1000-2,05/04/2011 13:05:00,C1000,PC-C1000,https://intranet.dtaa.com/home,WWW Visit,
H-C1001-2,05/04/2011 13:05:00,C1001,PC-C1001,https://intranet.dtaa.com/home,WWW Visit,
H-C1002-2,05/04/2011 13:05:00,C1002,PC-C1002,https://intranet.dtaa.com/home,WWW Visit,
H-C1003-2,05/04/2011 13:05:00,C1003,PC-C1003,https://intranet.dtaa.com/home,WWW Visit,
H-C1004-2,05/04/2011 13:05:00,C1004,PC-C1004,https://intranet.dtaa.com/home,WWW Visit,
H-C1005-2,05/04/2011 13:05:00,C1005,PC-C1005,https://intranet.dtaa.com/home,WWW Visit,
H-C1006-2,05/04/2011 13:05:00,C1006,PC-C1006,https://intranet.dtaa.com/home,WWW Visit,
H-C1007-2,05/04/2011 13:05:00,C1007,PC-C1007,https://intranet.dtaa.com/home,WWW Visit,
H-C1008-2,05/04/2011 13:05:00,C1008,PC-C1008,https://intranet.dtaa.com/home,WWW Visit,
H-C1009-2,05/04/2011 13:05:00,C1009,PC-C1009,https://intranet.dtaa.com/home,WWW Visit,
H-C1010-2,05/04/2011 13:05:00,C1010,PC-C1010,https://intranet.dtaa.com/home,WWW Visit,
H-C1011-2,05/04/2011 13:05:00,C1011,PC-C1011,https://intranet.dtaa.com/home,WWW Visit,
H-C1012-2,05/04/2011 13:05:00,C1012,PC-C1012,https://intranet.dtaa.com/home,WWW Visit,
H-C1013-2,05/04/2011 13:05:00,C1013,PC-C1013,https://intranet.dtaa.com/home,WWW Visit,
H-C1014-2,05/04/2011 13:05:00,C1014,PC-C1014,https://intranet.dtaa.com/home,WWW Visit,
H-C1015-2,05/04/2011 13:05:00,C1015,PC-C1015,https://intranet.dtaa.com/home,WWW Visit,
H-C1016-2,05/04/2011 13:05:00,C1016,PC-C1016,https://intranet.dtaa.com/home,WWW Visit,
H-C1017-2,05/04/2011 13:05:00,C1017,PC-C1017,https://intranet.dtaa.com/home,WWW Visit,
H-C1018-2,05/04/2011 13:05:00,C1018,PC-C1018,https://intranet.dtaa.com/home,WWW Visit,
H-C1019-2,05/04/2011 13:05:00,C1019,PC-C1019,https://intranet.dtaa.com/home,WWW Visit,
H-C1000-3,05/05/2011 13:05:00,C1000,PC-C1000,https://intranet.dtaa.com/home,WWW Visit,
H-C1001-3,05/05/2011 13:05:00,C1001,PC-C1001,https://intranet.dtaa.com/home,WWW Visit,
H-C1002-3,05/05/2011 13:05:00,C1002,PC-C1002,https://intranet.dtaa.com/home,WWW Visit,
H-C1003-3,05/05/2011 13:05:00,C1003,PC-C1003,https://intranet.dtaa.com/home,WWW Visit,
H-C1004-3,05/05/2011 13:05:00,C1004,PC-C1004,https://intranet.dtaa.com/home,WWW Visit,
H-C1005-3,05/05/2011 13:05:00,C1005,PC-C1005,https://intranet.dtaa.com/home,WWW Visit,
H-C1006-3,05/05/2011 13:05:00,C1006,PC-C1006,https://intranet.dtaa.com/home,WWW Visit,
H-C1007-3,05/05/2011 13:05:00,C1007,PC-C1007,https://intranet.dtaa.com/home,WWW Visit,
H-C1008-3,05/05/2011 13:05:00,C1008,PC-C1008,https://intranet.dtaa.com/home,WWW Visit,
H-C1009-3,05/05/2011 13:05:00,C1009,PC-C1009,https://intranet.dtaa.com/home,WWW Visit,
H-C1010-3,05/05/2011 13:05:00,C1010,PC-C1010,https://intranet.dtaa.com/home,WWW Visit,
H-C1011-3,05/05/2011 13:05:00,C1011,PC-C1011,https://intranet.dtaa.com/home,WWW Visit,
H-C1012-3,05/05/2011 13:05:00,C1012,PC-C1012,https://intranet.dtaa.com/home,WWW Visit,
H-C1013-3,05/05/2011 13:05:00,C1013,PC-C1013,https://intranet.dtaa.com/home,WWW Visit,
H-C1014-3,05/05/2011 13:05:00,C1014,PC-C1014,https://intranet.dtaa.com/home,WWW Visit,
H-C1015-3,05/05/2011 13:05:00,C1015,PC-C1015,https://intranet.dtaa.com/home,WWW Visit,
H-C1016-3,05/05/2011 13:05:00,C1016,PC-C1016,https://intranet.dtaa.com/home,WWW Visit,
H-C1017-3,05/05/2011 13:05:00,C1017,PC-C1017,https://intranet.dtaa.com/home,WWW Visit,
H-C1018-3,05/05/2011 13:05:00,C1018,PC-C1018,https://intranet.dtaa.com/home,WWW Visit,
H-C1019-3,05/05/2011 13:05:00,C1019,PC-C1019,https://intranet.dtaa.com/home,WWW Visit,
H-C1000-4,05/06/2011 13:05:00,C1000,PC-C1000,https://intranet.dtaa.com/home,WWW Visit,
H-C1001-4,05/06/2011 13:05:00,C1001,PC-C1001,https://intranet.dtaa.com/home,WWW Visit,
H-C1002-4,05/06/2011 13:05:00,C1002,PC-C1002,https://intranet.dtaa.com/home,WWW Visit,
H-C1003-4,05/06/2011 13:05:00,C1003,PC-C1003,https://intranet.dtaa.com/home,WWW Visit,
H-C1004-4,05/06/2011 13:05:00,C1004,PC-C1004,https://intranet.dtaa.com/home,WWW Visit,
H-C1005-4,05/06/2011 13:05:00,C1005,PC-C1005,https://intranet.dtaa.com/home,WWW Visit,
H-C1006-4,05/06/2011 13:05:00,C1006,PC-C1006,https://intranet.dtaa.com/home,WWW Visit,
H-C1007-4,05/06/2011 13:05:00,C1007,PC-C1007,https://intranet.dtaa.com/home,WWW Visit,
H-C1008-4,05/06/2011 13:05:00,C1008,PC-C1008,https://intranet.dtaa.com/home,WWW Visit,
H-C1009-4,05/06/2011 13:05:00,C1009,PC-C1009,https://intranet.dtaa.com/home,WWW Visit,
H-C1010-4,05/06/2011 13:05:00,C1010,PC-C1010,https://intranet.dtaa.com/home,WWW Visit,
H-C1011-4,05/06/2011 13:05:00,C1011,PC-C1011,https://intranet.dtaa.com/home,WWW Visit,
H-C1012-4,05/06/2011 13:05:00,C1012,PC-C1012,https://intranet.dtaa.com/home,WWW Visit,
H-C1013-4,05/06/2011 13:05:00,C1013,PC-C1013,https://intranet.dtaa.com/home,WWW Visit,
H-C1014-4,05/06/2011 13:05:00,C1014,PC-C1014,https://intranet.dtaa.com/home,WWW Visit,
H-C1015-4,05/06/2011 13:05:00,C1015,PC-C1015,https://intranet.dtaa.com/home,WWW Visit,
H-C1016-4,05/06/2011 13:05:00,C1016,PC-C1016,https://intranet.dtaa.com/home,WWW Visit,
H-C1017-4,05/06/2011 13:05:00,C1017,PC-C1017,https://intranet.dtaa.com/home,WWW Visit,
H-C1018-4,05/06/2011 13:05:00,C1018,PC-C1018,https://intranet.dtaa.com/home,WWW Visit,
H-C1019-4,05/06/2011 13:05:00,C1019,PC-C1019,https://intranet.dtaa.com/home,WWW Visit,
H-C1000-5,05/07/2011 13:05:00,C1000,PC-C1000,https://intranet.dtaa.com/home,WWW Visit,
H-C1001-5,05/07/2011 13:05:00,C1001,PC-C1001,https://intranet.dtaa.com/home,WWW Visit,
H-C1002-5,05/07/2011 13:05:00,C1002,PC-C1002,https://intranet.dtaa.com/home,WWW Visit,
H-C1003-5,05/07/2011 13:05:00,C1003,PC-C1003,https://intranet.dtaa.com/home,WWW Visit,
H-C1004-5,05/07/2011 13:05:00,C1004,PC-C1004,https://intranet.dtaa.com/home,WWW Visit,
H-C1005-5,05/07/2011 13:05:00,C1005,PC-C1005,https://intranet.dtaa.com/home,WWW Visit,
H-C1006-5,05/07/2011 13:05:00,C1006,PC-C1006,https://intranet.dtaa.com/home,WWW Visit,
H-C1007-5,05/07/2011 13:05:00,C1007,PC-C1007,https://intranet.dtaa.com/home,WWW Visit,
H-C1008-5,05/07/2011 13:05:00,C1008,PC-C1008,https://intranet.dtaa.com/home,WWW Visit,
H-C1009-5,05/07/2011 13:05:00,C1009,PC-C1009,https://intranet.dtaa.com/home,WWW Visit,
H-C1010-5,05/07/2011 13:05:00,C1010,PC-C1010,https://intranet.dtaa.com/home,WWW Visit,
H-C1011-5,05/07/2011 13:05:00,C1011,PC-C1011,https://intranet.dtaa.com/home,WWW Visit,
H-C1012-5,05/07/2011 13:05:00,C1012,PC-C1012,https://intranet.dtaa.com/home,WWW Visit,
H-C1013-5,05/07/2011 13:05:00,C1013,PC-C1013,https://intranet.dtaa.com/home,WWW Visit,
H-C1014-5,05/07/2011 13:05:00,C1014,PC-C1014,https://intranet.dtaa.com/home,WWW Visit,
H-C1015-5,05/07/2011 13:05:00,C1015,PC-C1015,https://intranet.dtaa.com/home,WWW Visit,
H-C1016-5,05/07/2011 13:05:00,C1016,PC-C1016,https://intranet.dtaa.com/home,WWW Visit,
H-C1017-5,05/07/2011 13:05:00,C1017,PC-C1017,https://intranet.dtaa.com/home,WWW Visit,
H-C1018-5,05/07/2011 13:05:00,C1018,PC-C1018,https://intranet.dtaa.com/home,WWW Visit,
H-C1019-5,05/07/2011 13:05:00,C1019,PC-C1019,https://intranet.dtaa.com/home,WWW Visit,
H-C1000-6,05/08/2011 13:05:00,C1000,PC-C1000,https://intranet.dtaa.com/home,WWW Visit,
H-C1001-6,05/08/2011 13:05:00,C1001,PC-C1001,https://intranet.dtaa.com/home,WWW Visit,
H-C1002-6,05/08/2011 13:05:00,C1002,PC-C1002,https://intranet.dtaa.com/home,WWW Visit,
H-C1003-6,05/08/2011 13:05:00,C1003,PC-C1003,https://intranet.dtaa.com/home,WWW Visit,
H-C1004-6,05/08/2011 13:05:00,C1004,PC-C1004,https://intranet.dtaa.com/home,WWW Visit,
H-C1005-6,05/08/2011 13:05:00,C1005,PC-C1005,https://intranet.dtaa.com/home,WWW Visit,
H-C1006-6,05/08/2011 13:05:00,C1006,PC-C1006,https://intranet.dtaa.com/home,WWW Visit,
H-C1007-6,05/08/2011 13:05:00,C1007,PC-C1007,https://intranet.dtaa.com/home,WWW Visit,
H-C1008-6,05/08/2011 13:05:00,C1008,PC-C1008,https://intranet.dtaa.com/home,WWW Visit,
H-C1009-6,05/08/2011 13:05:00,C1009,PC-C1009,https://intranet.dtaa.com/home,WWW Visit,
H-C1010-6,05/08/2011 13:05:00,C1010,PC-C1010,https://intranet.dtaa.com/home,WWW Visit,
H-C1011-6,05/08/2011 13:05:00,C1011,PC-C1011,https://intranet.dtaa.com/home,WWW Visit,
H-C1012-6,05/08/2011 13:05:00,C1012,PC-C1012,https://intranet.dtaa.com/home,WWW Visit,
H-C1013-6,05/08/2011 13:05:00,C1013,PC-C1013,https://intranet.dtaa.com/home,WWW Visit,
H-C1014-6,05/08/2011 13:05:00,C1014,PC-C1014,https://intranet.dtaa.com/home,WWW Visit,
H-C1015-6,05/08/2011 13:05:00,C1015,PC-C1015,https://intranet.dtaa.com/home,WWW Visit,
H-C1016-6,05/08/2011 13:05:00,C1016,PC-C1016,https://intranet.dtaa.com/home,WWW Visit,
H-C1017-6,05/08/2011 13:05:00,C1017,PC-C1017,https://intranet.dtaa.com/home,WWW Visit,
H-C1018-6,05/08/2011 13:05:00,C1018,PC-C1018,https://intranet.dtaa.com/home,WWW Visit,
H-C1019-6,05/08/2011 13:05:00,C1019,PC-C1019,https://intranet.dtaa.com/home,WWW Visit,
H-C1000-7,05/09/2011 13:05:00,C1000,PC-C1000,https://intranet.dtaa.com/home,WWW Visit,
H-C1001-7,05/09/2011 13:05:00,C1001,PC-C1001,https://intranet.dtaa.com/home,WWW Visit,
H-C1002-7,05/09/2011 13:05:00,C1002,PC-C1002,https://intranet.dtaa.com/home,WWW Visit,
H-C1003-7,05/09/2011 13:05:00,C1003,PC-C1003,https://intranet.dtaa.com/home,WWW Visit,
H-C1004-7,05/09/2011 13:05:00,C1004,PC-C1004,https://intranet.dtaa.com/home,WWW Visit,
H-C1005-7,05/09/2011 13:05:00,C1005,PC-C1005,https://intranet.dtaa.com/home,WWW Visit,
H-C1006-7,05/09/2011 13:05:00,C1006,PC-C1006,https://intranet.dtaa.com/home,WWW Visit,
H-C1007-7,05/09/2011 13:05:00,C1007,PC-C1007,https://intranet.dtaa.com/home,WWW Visit,
H-C1008-7,05/09/2011 13:05:00,C1008,PC-C1008,https://intranet.dtaa.com/home,WWW Visit,
H-C1009-7,05/09/2011 13:05:00,C1009,PC-C1009,https://intranet.dtaa.com/home,WWW Visit,
H-C1010-7,05/09/2011 13:05:00,C1010,PC-C1010,https://intranet.dtaa.com/home,WWW Visit,
H-C1011-7,05/09/2011 13:05:00,C1011,PC-C1011,https://intranet.dtaa.com/home,WWW Visit,
H-C1012-7,05/09/2011 13:05:00,C1012,PC-C1012,https://intranet.dtaa.com/home,WWW Visit,
H-C1013-7,05/09/2011 13:05:00,C1013,PC-C1013,https://intranet.dtaa.com/home,WWW Visit,
H-C1014-7,05/09/2011 13:05:00,C1014,PC-C1014,https://intranet.dtaa.com/home,WWW Visit,
H-C1015-7,05/09/2011 13:05:00,C1015,PC-C1015,https://intranet.dtaa.com/home,WWW Visit,
H-C1016-7,05/09/2011 13:05:00,C1016,PC-C1016,https://intranet.dtaa.com/home,WWW Visit,
H-C1017-7,05/09/2011 13:05:00,C1017,PC-C1017,https://intranet.dtaa.com/home,WWW Visit,
H-C1018-7,05/09/2011 13:05:00,C1018,PC-C1018,https://intranet.dtaa.com/home,WWW Visit,
H-C1019-7,05/09/2011 13:05:00,C1019,PC-C1019,https://intranet.dtaa.com/home,WWW Visit,
H-C1000-8,05/10/2011 13:05:00,C1000,PC-C1000,https://intranet.dtaa.com/home,WWW Visit,
H-C1001-8,05/10/2011 13:05:00,C1001,PC-C1001,https://intranet.dtaa.com/home,WWW Visit,
H-C1002-8,05/10/2011 13:05:00,C1002,PC-C1002,https://intranet.dtaa.com/home,WWW Visit,
H-C1003-8,05/10/2011 13:05:00,C1003,PC-C1003,https://intranet.dtaa.com/home,WWW Visit,
H-C1004-8,05/10/2011 13:05:00,C1004,PC-C1004,https://intranet.dtaa.com/home,WWW Visit,
H-C1005-8,05/10/2011 13:05:00,C1005,PC-C1005,https://intranet.dtaa.com/home,WWW Visit,
H-C1006-8,05/10/2011 13:05:00,C1006,PC-C1006,https://intranet.dtaa.com/home,WWW Visit,
H-C1007-8,05/10/2011 13:05:00,C1007,PC-C1007,https://intranet.dtaa.com/home,WWW Visit,
H-C1008-8,05/10/2011 13:05:00,C1008,PC-C1008,https://intranet.dtaa.com/home,WWW Visit,
H-C1009-8,05/10/2011 13:05:00,C1009,PC-C1009,https://intranet.dtaa.com/home,WWW Visit,
H-C1010-8,05/10/2011 13:05:00,C1010,PC-C1010,https://intranet.dtaa.com/home,WWW Visit,
H-C1011-8,05/10/2011 13:05:00,C1011,PC-C1011,https://intranet.dtaa.com/home,WWW Visit,
H-C1012-8,05/10/2011 13:05:00,C1012,PC-C1012,https://intranet.dtaa.com/home,WWW Visit,
H-C1013-8,05/10/2011 13:05:00,C1013,PC-C1013,https://intranet.dtaa.com/home,WWW Visit,
H-C1014-8,05/10/2011 13:05:00,C1014,PC-C1014,https://intranet.dtaa.com/home,WWW Visit,
H-C1015-8,05/10/2011 13:05:00,C1015,PC-C1015,https://intranet.dtaa.com/home,WWW Visit,
H-C1016-8,05/10/2011 13:05:00,C1016,PC-C1016,https://intranet.dtaa.com/home,WWW Visit,
H-C1017-8,05/10/2011 13:05:00,C1017,PC-C1017,https://intranet.dtaa.com/home,WWW Visit,
H-C1018-8,05/10/2011 13:05:00,C1018,PC-C1018,https://intranet.dtaa.com/home,WWW Visit,
H-C1019-8,05/10/2011 13:05:00,C1019,PC-C1019,https://intranet.dtaa.com/home,WWW Visit,
H-C1000-9,05/11/2011 13:05:00,C1000,PC-C1000,https://intranet.dtaa.com/home,WWW Visit,
H-C1001-9,05/11/2011 13:05:00,C1001,PC-C1001,https://intranet.dtaa.com/home,WWW Visit,
H-C1002-9,05/11/2011 13:05:00,C1002,PC-C1002,https://intranet.dtaa.com/home,WWW Visit,
H-C1003-9,05/11/2011 13:05:00,C1003,PC-C1003,https://intranet.dtaa.com/home,WWW Visit,
H-C1004-9,05/11/2011 13:05:00,C1004,PC-C1004,https://intranet.dtaa.com/home,WWW Visit,
H-C1005-9,05/11/2011 13:05:00,C1005,PC-C1005,https://intranet.dtaa.com/home,WWW Visit,
H-C1006-9,05/11/2011 13:05:00,C1006,PC-C1006,https://intranet.dtaa.com/home,WWW Visit,
H-C1007-9,05/11/2011 13:05:00,C1007,PC-C1007,https://intranet.dtaa.com/home,WWW Visit,
H-C1008-9,05/11/2011 13:05:00,C1008,PC-C1008,https://intranet.dtaa.com/home,WWW Visit,
H-C1009-9,05/11/2011 13:05:00,C1009,PC-C1009,https://intranet.dtaa.com/home,WWW Visit,
H-C1010-9,05/11/2011 13:05:00,C1010,PC-C1010,https://intranet.dtaa.com/home,WWW Visit,
H-C1011-9,05/11/2011 13:05:00,C1011,PC-C1011,https://intranet.dtaa.com/home,WWW Visit,
H-C1012-9,05/11/2011 13:05:00,C1012,PC-C1012,https://intranet.dtaa.com/home,WWW Visit,
H-C1013-9,05/11/2011 13:05:00,C1013,PC-C1013,https://intranet.dtaa.com/home,WWW Visit,
H-C1014-9,05/11/2011 13:05:00,C1014,PC-C1014,https://intranet.dtaa.com/home,WWW Visit,
H-C1015-9,05/11/2011 13:05:00,C1015,PC-C1015,https://intranet.dtaa.com/home,WWW Visit,
H-C1016-9,05/11/2011 13:05:00,C1016,PC-C1016,https://intranet.dtaa.com/home,WWW Visit,
H-C1017-9,05/11/2011 13:05:00,C1017,PC-C1017,https://intranet.dtaa.com/home,WWW Visit,
H-C1018-9,05/11/2011 13:05:00,C1018,PC-C1018,https://intranet.dtaa.com/home,WWW Visit,
H-C1019-9,05/11/2011 13:05:00,C1019,PC-C1019,https://intranet.dtaa.com/home,WWW Visit,
H-C1000-10,05/12/2011 13:05:00,C1000,PC-C1000,https://intranet.dtaa.com/home,WWW Visit,
H-C1001-10,05/12/2011 13:05:00,C1001,PC-C1001,https://intranet.dtaa.com/home,WWW Visit,
H-C1002-10,05/12/2011 13:05:00,C1002,PC-C1002,https://intranet.dtaa.com/home,WWW Visit,
H-C1003-10,05/12/2011 13:05:00,C1003,PC-C1003,https://intranet.dtaa.com/home,WWW Visit,
H-C1004-10,05/12/2011 13:05:00,C1004,PC-C1004,https://intranet.dtaa.com/home,WWW Visit,
H-C1005-10,05/12/2011 13:05:00,C1005,PC-C1005,https://intranet.dtaa.com/home,WWW Visit,
H-C1006-10,05/12/2011 13:05:00,C1006,PC-C1006,https://intranet.dtaa.com/home,WWW Visit,
H-C1007-10,05/12/2011 13:05:00,C1007,PC-C1007,https://intranet.dtaa.com/home,WWW Visit,
H-C1008-10,05/12/2011 13:05:00,C1008,PC-C1008,https://intranet.dtaa.com/home,WWW Visit,
H-C1009-10,05/12/2011 13:05:00,C1009,PC-C1009,https://intranet.dtaa.com/home,WWW Visit,
H-C1010-10,05/12/2011 13:05:00,C1010,PC-C1010,https://intranet.dtaa.com/home,WWW Visit,
H-C1011-10,05/12/2011 13:05:00,C1011,PC-C1011,https://intranet.dtaa.com/home,WWW Visit,
H-C1012-10,05/12/2011 13:05:00,C1012,PC-C1012,https://intranet.dtaa.com/home,WWW Visit,
H-C1013-10,05/12/2011 13:05:00,C1013,PC-C1013,https://intranet.dtaa.com/home,WWW Visit,
H-C1014-10,05/12/2011 13:05:00,C1014,PC-C1014,https://intranet.dtaa.com/home,WWW Visit,
H-C1015-10,05/12/2011 13:05:00,C1015,PC-C1015,https://intranet.dtaa.com/home,WWW Visit,
H-C1016-10,05/12/2011 13:05:00,C1016,PC-C1016,https://intranet.dtaa.com/home,WWW Visit,
H-C1017-10,05/12/2011 13:05:00,C1017,PC-C1017,https://intranet.dtaa.com/home,WWW Visit,
H-C1018-10,05/12/2011 13:05:00,C1018,PC-C1018,https://intranet.dtaa.com/home,WWW Visit,
H-C1019-10,05/12/2011 13:05:00,C1019,PC-C1019,https://intranet.dtaa.com/home,WWW Visit,
H-C1000-11,05/13/2011 13:05:00,C1000,PC-C1000,https://intranet.dtaa.com/home,WWW Visit,
H-C1001-11,05/13/2011 13:05:00,C1001,PC-C1001,https://intranet.dtaa.com/home,WWW Visit,
H-C1002-11,05/13/2011 13:05:00,C1002,PC-C1002,https://intranet.dtaa.com/home,WWW Visit,
H-C1003-11,05/13/2011 13:05:00,C1003,PC-C1003,https://intranet.dtaa.com/home,WWW Visit,
H-C1004-11,05/13/2011 13:05:00,C1004,PC-C1004,https://intranet.dtaa.com/home,WWW Visit,
H-C1005-11,05/13/2011 13:05:00,C1005,PC-C1005,https://intranet.dtaa.com/home,WWW Visit,
H-C1006-11,05/13/2011 13:05:00,C1006,PC-C1006,https://intranet.dtaa.com/home,WWW Visit,
H-C1007-11,05/13/2011 13:05:00,C1007,PC-C1007,https://intranet.dtaa.com/home,WWW Visit,
H-C1008-11,05/13/2011 13:05:00,C1008,PC-C1008,https://intranet.dtaa.com/home,WWW Visit,
H-C1009-11,05/13/2011 13:05:00,C1009,PC-C1009,https://intranet.dtaa.com/home,WWW Visit,
H-C1010-11,05/13/2011 13:05:00,C1010,PC-C1010,https://intranet.dtaa.com/home,WWW Visit,
H-C1011-11,05/13/2011 13:05:00,C1011,PC-C1011,https://intranet.dtaa.com/home,WWW Visit,
H-C1012-11,05/13/2011 13:05:00,C1012,PC-C1012,https://intranet.dtaa.com/home,WWW Visit,
H-C1013-11,05/13/2011 13:05:00,C1013,PC-C1013,https://intranet.dtaa.com/home,WWW Visit,
H-C1014-11,05/13/2011 13:05:00,C1014,PC-C1014,https://intranet.dtaa.com/home,WWW Visit,
H-C1015-11,05/13/2011 13:05:00,C1015,PC-C1015,https://intranet.dtaa.com/home,WWW Visit,
H-C1016-11,05/13/2011 13:05:00,C1016,PC-C1016,https://intranet.dtaa.com/home,WWW Visit,
H-C1017-11,05/13/2011 13:05:00,C1017,PC-C1017,https://intranet.dtaa.com/home,WWW Visit,
H-C1018-11,05/13/2011 13:05:00,C1018,PC-C1018,https://intranet.dtaa.com/home,WWW Visit,
H-C1019-11,05/13/2011 13:05:00,C1019,PC-C1019,https://intranet.dtaa.com/home,WWW Visit,
H-C1000-12,05/14/2011 13:05:00,C1000,PC-C1000,https://intranet.dtaa.com/home,WWW Visit,
H-C1001-12,05/14/2011 13:05:00,C1001,PC-C1001,https://intranet.dtaa.com/home,WWW Visit,
H-C1002-12,05/14/2011 13:05:00,C1002,PC-C1002,https://intranet.dtaa.com/home,WWW Visit,
H-C1003-12,05/14/2011 13:05:00,C1003,PC-C1003,https://intranet.dtaa.com/home,WWW Visit,
H-C1004-12,05/14/2011 13:05:00,C1004,PC-C1004,https://intranet.dtaa.com/home,WWW Visit,
H-C1005-12,05/14/2011 13:05:00,C1005,PC-C1005,https://intranet.dtaa.com/home,WWW Visit,
H-C1006-12,05/14/2011 13:05:00,C1006,PC-C1006,https://intranet.dtaa.com/home,WWW Visit,
H-C1007-12,05/14/2011 13:05:00,C1007,PC-C1007,https://intranet.dtaa.com/home,WWW Visit,
H-C1008-12,05/14/2011 13:05:00,C1008,PC-C1008,https://intranet.dtaa.com/home,WWW Visit,
H-C1009-12,05/14/2011 13:05:00,C1009,PC-C1009,https://intranet.dtaa.com/home,WWW Visit,
H-C1010-12,05/14/2011 13:05:00,C1010,PC-C1010,https://intranet.dtaa.com/home,WWW Visit,
H-C1011-12,05/14/2011 13:05:00,C1011,PC-C1011,https://intranet.dtaa.com/home,WWW Visit,
H-C1012-12,05/14/2011 13:05:00,C1012,PC-C1012,https://intranet.dtaa.com/home,WWW Visit,
H-C1013-12,05/14/2011 13:05:00,C1013,PC-C1013,https://intranet.dtaa.com/home,WWW Visit,
H-C1014-12,05/14/2011 13:05:00,C1014,PC-C1014,https://intranet.dtaa.com/home,WWW Visit,
H-C1015-12,05/14/2011 13:05:00,C1015,PC-C1015,https://intranet.dtaa.com/home,WWW Visit,
H-C1016-12,05/14/2011 13:05:00,C1016,PC-C1016,https://intranet.dtaa.com/home,WWW Visit,
H-C1017-12,05/14/2011 13:05:00,C1017,PC-C1017,https://intranet.dtaa.com/home,WWW Visit,
H-C1018-12,05/14/2011 13:05:00,C1018,PC-C1018,https://intranet.dtaa.com/home,WWW Visit,
H-C1019-12,05/14/2011 13:05:00,C1019,PC-C1019,https://intranet.dtaa.com/home,WWW Visit,
H-C1000-13,05/15/2011 13:05:00,C1000,PC-C1000,https://intranet.dtaa.com/home,WWW Visit,
H-C1001-13,05/15/2011 13:05:00,C1001,PC-C1001,https://intranet.dtaa.com/home,WWW Visit,
H-C1002-13,05/15/2011 13:05:00,C1002,PC-C1002,https://intranet.dtaa.com/home,WWW Visit,
H-C1003-13,05/15/2011 13:05:00,C1003,PC-C1003,https://intranet.dtaa.com/home,WWW Visit,
H-C1004-13,05/15/2011 13:05:00,C1004,PC-C1004,https://intranet.dtaa.com/home,WWW Visit,
H-C1005-13,05/15/2011 13:05:00,C1005,PC-C1005,https://intranet.dtaa.com/home,WWW Visit,
H-C1006-13,05/15/2011 13:05:00,C1006,PC-C1006,https://intranet.dtaa.com/home,WWW Visit,
H-C1007-13,05/15/2011 13:05:00,C1007,PC-C1007,https://intranet.dtaa.com/home,WWW Visit,
H-C1008-13,05/15/2011 13:05:00,C1008,PC-C1008,https://intranet.dtaa.com/home,WWW Visit,
H-C1009-13,05/15/2011 13:05:00,C1009,PC-C1009,https://intranet.dtaa.com/home,WWW Visit,
H-C1010-13,05/15/2011 13:05:00,C1010,PC-C1010,https://intranet.dtaa.com/home,WWW Visit,
H-C1011-13,05/15/2011 13:05:00,C1011,PC-C1011,https://intranet.dtaa.com/home,WWW Visit,
H-C1012-13,05/15/2011 13:05:00,C1012,PC-C1012,https://intranet.dtaa.com/home,WWW Visit,
H-C1013-13,05/15/2011 13:05:00,C1013,PC-C1013,https://intranet.dtaa.com/home,WWW Visit,
H-C1014-13,05/15/2011 13:05:00,C1014,PC-C1014,https://intranet.dtaa.com/home,WWW Visit,
H-C1015-13,05/15/2011 13:05:00,C1015,PC-C1015,https://intranet.dtaa.com/home,WWW Visit,
H-C1016-13,05/15/2011 13:05:00,C1016,PC-C1016,https://intranet.dtaa.com/home,WWW Visit,
H-C1017-13,05/15/2011 13:05:00,C1017,PC-C1017,https://intranet.dtaa.com/home,WWW Visit,
H-C1018-13,05/15/2011 13:05:00,C1018,PC-C1018,https://intranet.dtaa.com/home,WWW Visit,
H-C1019-13,05/15/2011 13:05:00,C1019,PC-C1019,https://intranet.dtaa.com/home,WWW Visit,
H-C1000-14,05/16/2011 13:05:00,C1000,PC-C1000,https://intranet.dtaa.com/home,WWW Visit,
H-C1001-14,05/16/2011 13:05:00,C1001,PC-C1001,https://intranet.dtaa.com/home,WWW Visit,
H-C1002-14,05/16/2011 13:05:00,C1002,PC-C1002,https://intranet.dtaa.com/home,WWW Visit,
H-C1003-14,05/16/2011 13:05:00,C1003,PC-C1003,https://intranet.dtaa.com/home,WWW Visit,
H-C1004-14,05/16/2011 13:05:00,C1004,PC-C1004,https://intranet.dtaa.com/home,WWW Visit,
H-C1005-14,05/16/2011 13:05:00,C1005,PC-C1005,https://intranet.dtaa.com/home,WWW Visit,
H-C1006-14,05/16/2011 13:05:00,C1006,PC-C1006,https://intranet.dtaa.com/home,WWW Visit,
H-C1007-14,05/16/2011 13:05:00,C1007,PC-C1007,https://intranet.dtaa.com/home,WWW Visit,
H-C1008-14,05/16/2011 13:05:00,C1008,PC-C1008,https://intranet.dtaa.com/home,WWW Visit,
H-C1009-14,05/16/2011 13:05:00,C1009,PC-C1009,https://intranet.dtaa.com/home,WWW Visit,
H-C1010-14,05/16/2011 13:05:00,C1010,PC-C1010,https://intranet.dtaa.com/home,WWW Visit,
H-C1011-14,05/16/2011 13:05:00,C1011,PC-C1011,https://intranet.dtaa.com/home,WWW Visit,
H-C1012-14,05/16/2011 13:05:00,C1012,PC-C1012,https://intranet.dtaa.com/home,WWW Visit,
H-C1013-14,05/16/2011 13:05:00,C1013,PC-C1013,https://intranet.dtaa.com/home,WWW Visit,
H-C1014-14,05/16/2011 13:05:00,C1014,PC-C1014,https://intranet.dtaa.com/home,WWW Visit,
H-C1015-14,05/16/2011 13:05:00,C1015,PC-C1015,https://intranet.dtaa.com/home,WWW Visit,
H-C1016-14,05/16/2011 13:05:00,C1016,PC-C1016,https://intranet.dtaa.com/home,WWW Visit,
H-C1017-14,05/16/2011 13:05:00,C1017,PC-C1017,https://intranet.dtaa.com/home,WWW Visit,
H-C1018-14,05/16/2011 13:05:00,C1018,PC-C1018,https://intranet.dtaa.com/home,WWW Visit,
H-C1019-14,05/16/2011 13:05:00,C1019,PC-C1019,https://intranet.dtaa.com/home,WWW Visit,
H-C1000-15,05/17/2011 13:05:00,C1000,PC-C1000,https://intranet.dtaa.com/home,WWW Visit,
H-C1001-15,05/17/2011 13:05:00,C1001,PC-C1001,https://intranet.dtaa.com/home,WWW Visit,
H-C1002-15,05/17/2011 13:05:00,C1002,PC-C1002,https://intranet.dtaa.com/home,WWW Visit,
H-C1003-15,05/17/2011 13:05:00,C1003,PC-C1003,https://intranet.dtaa.com/home,WWW Visit,
H-C1004-15,05/17/2011 13:05:00,C1004,PC-C1004,https://intranet.dtaa.com/home,WWW Visit,
H-C1005-15,05/17/2011 13:05:00,C1005,PC-C1005,https://intranet.dtaa.com/home,WWW Visit,
H-C1006-15,05/17/2011 13:05:00,C1006,PC-C1006,https://intranet.dtaa.com/home,WWW Visit,
H-C1007-15,05/17/2011 13:05:00,C1007,PC-C1007,https://intranet.dtaa.com/home,WWW Visit,
H-C1008-15,05/17/2011 13:05:00,C1008,PC-C1008,https://intranet.dtaa.com/home,WWW Visit,
H-C1009-15,05/17/2011 13:05:00,C1009,PC-C1009,https://intranet.dtaa.com/home,WWW Visit,
H-C1010-15,05/17/2011 13:05:00,C1010,PC-C1010,https://intranet.dtaa.com/home,WWW Visit,
H-C1011-15,05/17/2011 13:05:00,C1011,PC-C1011,https://intranet.dtaa.com/home,WWW Visit,
H-C1012-15,05/17/2011 13:05:00,C1012,PC-C1012,https://intranet.dtaa.com/home,WWW Visit,
H-C1013-15,05/17/2011 13:05:00,C1013,PC-C1013,https://intranet.dtaa.com/home,WWW Visit,
H-C1014-15,05/17/2011 13:05:00,C1014,PC-C1014,https://intranet.dtaa.com/home,WWW Visit,
H-C1015-15,05/17/2011 13:05:00,C1015,PC-C1015,https://intranet.dtaa.com/home,WWW Visit,
H-C1016-15,05/17/2011 13:05:00,C1016,PC-C1016,https://intranet.dtaa.com/home,WWW Visit,
H-C1017-15,05/17/2011 13:05:00,C1017,PC-C1017,https://intranet.dtaa.com/home,WWW Visit,
H-C1018-15,05/17/2011 13:05:00,C1018,PC-C1018,https://intranet.dtaa.com/home,WWW Visit,
H-C1019-15,05/17/2011 13:05:00,C1019,PC-C1019,https://intranet.dtaa.com/home,WWW Visit,
H-C1000-16,05/18/2011 13:05:00,C1000,PC-C1000,https://dropbox.com/upload,WWW Upload,
H-C1001-16,05/18/2011 13:05:00,C1001,PC-C1001,https://intranet.dtaa.com/home,WWW Visit,
H-C1002-16,05/18/2011 13:05:00,C1002,PC-C1002,https://intranet.dtaa.com/home,WWW Visit,
H-C1003-16,05/18/2011 13:05:00,C1003,PC-C1003,https://intranet.dtaa.com/home,WWW Visit,
H-C1004-16,05/18/2011 13:05:00,C1004,PC-C1004,https://intranet.dtaa.com/home,WWW Visit,
H-C1005-16,05/18/2011 13:05:00,C1005,PC-C1005,https://intranet.dtaa.com/home,WWW Visit,
H-C1006-16,05/18/2011 13:05:00,C1006,PC-C1006,https://intranet.dtaa.com/home,WWW Visit,
H-C1007-16,05/18/2011 13:05:00,C1007,PC-C1007,https://intranet.dtaa.com/home,WWW Visit,
H-C1008-16,05/18/2011 13:05:00,C1008,PC-C1008,https://intranet.dtaa.com/home,WWW Visit,
H-C1009-16,05/18/2011 13:05:00,C1009,PC-C1009,https://intranet.dtaa.com/home,WWW Visit,
H-C1010-16,05/18/2011 13:05:00,C1010,PC-C1010,https://intranet.dtaa.com/home,WWW Visit,
H-C1011-16,05/18/2011 13:05:00,C1011,PC-C1011,https://intranet.dtaa.com/home,WWW Visit,
H-C1012-16,05/18/2011 13:05:00,C1012,PC-C1012,https://intranet.dtaa.com/home,WWW Visit,
H-C1013-16,05/18/2011 13:05:00,C1013,PC-C1013,https://intranet.dtaa.com/home,WWW Visit,
H-C1014-16,05/18/2011 13:05:00,C1014,PC-C1014,https://intranet.dtaa.com/home,WWW Visit,
H-C1015-16,05/18/2011 13:05:00,C1015,PC-C1015,https://intranet.dtaa.com/home,WWW Visit,
H-C1016-16,05/18/2011 13:05:00,C1016,PC-C1016,https://intranet.dtaa.com/home,WWW Visit,
H-C1017-16,05/18/2011 13:05:00,C1017,PC-C1017,https://intranet.dtaa.com/home,WWW Visit,
H-C1018-16,05/18/2011 13:05:00,C1018,PC-C1018,https://intranet.dtaa.com/home,WWW Visit,
H-C1019-16,05/18/2011 13:05:00,C1019,PC-C1019,https://intranet.dtaa.com/home,WWW Visit,
H-C1000-17,05/19/2011 13:05:00,C1000,PC-C1000,https://dropbox.com/upload,WWW Upload,
H-C1001-17,05/19/2011 13:05:00,C1001,PC-C1001,https://intranet.dtaa.com/home,WWW Visit,
H-C1002-17,05/19/2011 13:05:00,C1002,PC-C1002,https://intranet.dtaa.com/home,WWW Visit,
H-C1003-17,05/19/2011 13:05:00,C1003,PC-C1003,https://intranet.dtaa.com/home,WWW Visit,
H-C1004-17,05/19/2011 13:05:00,C1004,PC-C1004,https://intranet.dtaa.com/home,WWW Visit,
H-C1005-17,05/19/2011 13:05:00,C1005,PC-C1005,https://intranet.dtaa.com/home,WWW Visit,
H-C1006-17,05/19/2011 13:05:00,C1006,PC-C1006,https://intranet.dtaa.com/home,WWW Visit,
H-C1007-17,05/19/2011 13:05:00,C1007,PC-C1007,https://intranet.dtaa.com/home,WWW Visit,
H-C1008-17,05/19/2011 13:05:00,C1008,PC-C1008,https://intranet.dtaa.com/home,WWW Visit,
H-C1009-17,05/19/2011 13:05:00,C1009,PC-C1009,https://intranet.dtaa.com/home,WWW Visit,
H-C1010-17,05/19/2011 13:05:00,C1010,PC-C1010,https://intranet.dtaa.com/home,WWW Visit,
H-C1011-17,05/19/2011 13:05:00,C1011,PC-C1011,https://intranet.dtaa.com/home,WWW Visit,
H-C1012-17,05/19/2011 13:05:00,C1012,PC-C1012,https://intranet.dtaa.com/home,WWW Visit,
H-C1013-17,05/19/2011 13:05:00,C1013,PC-C1013,https://intranet.dtaa.com/home,WWW Visit,
H-C1014-17,05/19/2011 13:05:00,C1014,PC-C1014,https://intranet.dtaa.com/home,WWW Visit,
H-C1015-17,05/19/2011 13:05:00,C1015,PC-C1015,https://intranet.dtaa.com/home,WWW Visit,
H-C1016-17,05/19/2011 13:05:00,C1016,PC-C1016,https://intranet.dtaa.com/home,WWW Visit,
H-C1017-17,05/19/2011 13:05:00,C1017,PC-C1017,https://intranet.dtaa.com/home,WWW Visit,
H-C1018-17,05/19/2011 13:05:00,C1018,PC-C1018,https://intranet.dtaa.com/home,WWW Visit,
H-C1019-17,05/19/2011 13:05:00,C1019,PC-C1019,https://intranet.dtaa.com/home,WWW Visit,
H-C1000-18,05/20/2011 13:05:00,C1000,PC-C1000,https://dropbox.com/upload,WWW Upload,
H-C1001-18,05/20/2011 13:05:00,C1001,PC-C1001,https://intranet.dtaa.com/home,WWW Visit,
H-C1002-18,05/20/2011 13:05:00,C1002,PC-C1002,https://intranet.dtaa.com/home,WWW Visit,
H-C1003-18,05/20/2011 13:05:00,C1003,PC-C1003,https://intranet.dtaa.com/home,WWW Visit,
H-C1004-18,05/20/2011 13:05:00,C1004,PC-C1004,https://intranet.dtaa.com/home,WWW Visit,
H-C1005-18,05/20/2011 13:05:00,C1005,PC-C1005,https://intranet.dtaa.com/home,WWW Visit,
H-C1006-18,05/20/2011 13:05:00,C1006,PC-C1006,https://intranet.dtaa.com/home,WWW Visit,
H-C1007-18,05/20/2011 13:05:00,C1007,PC-C1007,https://intranet.dtaa.com/home,WWW Visit,
H-C1008-18,05/20/2011 13:05:00,C1008,PC-C1008,https://intranet.dtaa.com/home,WWW Visit,
H-C1009-18,05/20/2011 13:05:00,C1009,PC-C1009,https://intranet.dtaa.com/home,WWW Visit,
H-C1010-18,05/20/2011 13:05:00,C1010,PC-C1010,https://intranet.dtaa.com/home,WWW Visit,
H-C1011-18,05/20/2011 13:05:00,C1011,PC-C1011,https://intranet.dtaa.com/home,WWW Visit,
H-C1012-18,05/20/2011 13:05:00,C1012,PC-C1012,https://intranet.dtaa.com/home,WWW Visit,
H-C1013-18,05/20/2011 13:05:00,C1013,PC-C1013,https://intranet.dtaa.com/home,WWW Visit,
H-C1014-18,05/20/2011 13:05:00,C1014,PC-C1014,https://intranet.dtaa.com/home,WWW Visit,
H-C1015-18,05/20/2011 13:05:00,C1015,PC-C1015,https://intranet.dtaa.com/home,WWW Visit,
H-C1016-18,05/20/2011 13:05:00,C1016,PC-C1016,https://intranet.dtaa.com/home,WWW Visit,
H-C1017-18,05/20/2011 13:05:00,C1017,PC-C1017,https://intranet.dtaa.com/home,WWW Visit,
H-C1018-18,05/20/2011 13:05:00,C1018,PC-C1018,https://wetransfer.com/upload,WWW Upload,
H-C1019-18,05/20/2011 13:05:00,C1019,PC-C1019,https://intranet.dtaa.com/home,WWW Visit,
H-C1000-19,05/21/2011 13:05:00,C1000,PC-C1000,https://dropbox.com/upload,WWW Upload,
H-C1001-19,05/21/2011 13:05:00,C1001,PC-C1001,https://intranet.dtaa.com/home,WWW Visit,
H-C1002-19,05/21/2011 13:05:00,C1002,PC-C1002,https://intranet.dtaa.com/home,WWW Visit,
H-C1003-19,05/21/2011 13:05:00,C1003,PC-C1003,https://intranet.dtaa.com/home,WWW Visit,
H-C1004-19,05/21/2011 13:05:00,C1004,PC-C1004,https://intranet.dtaa.com/home,WWW Visit,
H-C1005-19,05/21/2011 13:05:00,C1005,PC-C1005,https://intranet.dtaa.com/home,WWW Visit,
H-C1006-19,05/21/2011 13:05:00,C1006,PC-C1006,https://intranet.dtaa.com/home,WWW Visit,
H-C1007-19,05/21/2011 13:05:00,C1007,PC-C1007,https://intranet.dtaa.com/home,WWW Visit,
H-C1008-19,05/21/2011 13:05:00,C1008,PC-C1008,https://intranet.dtaa.com/home,WWW Visit,
H-C1009-19,05/21/2011 13:05:00,C1009,PC-C1009,https://intranet.dtaa.com/home,WWW Visit,
H-C1010-19,05/21/2011 13:05:00,C1010,PC-C1010,https://intranet.dtaa.com/home,WWW Visit,
H-C1011-19,05/21/2011 13:05:00,C1011,PC-C1011,https://intranet.dtaa.com/home,WWW Visit,
H-C1012-19,05/21/2011 13:05:00,C1012,PC-C1012,https://intranet.dtaa.com/home,WWW Visit,
H-C1013-19,05/21/2011 13:05:00,C1013,PC-C1013,https://intranet.dtaa.com/home,WWW Visit,
H-C1014-19,05/21/2011 13:05:00,C1014,PC-C1014,https://intranet.dtaa.com/home,WWW Visit,
H-C1015-19,05/21/2011 13:05:00,C1015,PC-C1015,https://intranet.dtaa.com/home,WWW Visit,
H-C1016-19,05/21/2011 13:05:00,C1016,PC-C1016,https://intranet.dtaa.com/home,WWW Visit,
H-C1017-19,05/21/2011 13:05:00,C1017,PC-C1017,https://intranet.dtaa.com/home,WWW Visit,
H-C1018-19,05/21/2011 13:05:00,C1018,PC-C1018,https://wetransfer.com/upload,WWW Upload,
H-C1019-19,05/21/2011 13:05:00,C1019,PC-C1019,https://intranet.dtaa.com/home,WWW Visit,
H-C1000-20,05/22/2011 13:05:00,C1000,PC-C1000,https://dropbox.com/upload,WWW Upload,
H-C1001-20,05/22/2011 13:05:00,C1001,PC-C1001,https://intranet.dtaa.com/home,WWW Visit,
H-C1002-20,05/22/2011 13:05:00,C1002,PC-C1002,https://intranet.dtaa.com/home,WWW Visit,
H-C1003-20,05/22/2011 13:05:00,C1003,PC-C1003,https://intranet.dtaa.com/home,WWW Visit,
H-C1004-20,05/22/2011 13:05:00,C1004,PC-C1004,https://intranet.dtaa.com/home,WWW Visit,
H-C1005-20,05/22/2011 13:05:00,C1005,PC-C1005,https://intranet.dtaa.com/home,WWW Visit,
H-C1006-20,05/22/2011 13:05:00,C1006,PC-C1006,https://intranet.dtaa.com/home,WWW Visit,
H-C1007-20,05/22/2011 13:05:00,C1007,PC-C1007,https://intranet.dtaa.com/home,WWW Visit,
H-C1008-20,05/22/2011 13:05:00,C1008,PC-C1008,https://intranet.dtaa.com/home,WWW Visit,
H-C1009-20,05/22/2011 13:05:00,C1009,PC-C1009,https://intranet.dtaa.com/home,WWW Visit,
H-C1010-20,05/22/2011 13:05:00,C1010,PC-C1010,https://intranet.dtaa.com/home,WWW Visit,
H-C1011-20,05/22/2011 13:05:00,C1011,PC-C1011,https://intranet.dtaa.com/home,WWW Visit,
H-C1012-20,05/22/2011 13:05:00,C1012,PC-C1012,https://intranet.dtaa.com/home,WWW Visit,
H-C1013-20,05/22/2011 13:05:00,C1013,PC-C1013,https://intranet.dtaa.com/home,WWW Visit,
H-C1014-20,05/22/2011 13:05:00,C1014,PC-C1014,https://intranet.dtaa.com/home,WWW Visit,
H-C1015-20,05/22/2011 13:05:00,C1015,PC-C1015,https://intranet.dtaa.com/home,WWW Visit,
H-C1016-20,05/22/2011 13:05:00,C1016,PC-C1016,https://intranet.dtaa.com/home,WWW Visit,
H-C1017-20,05/22/2011 13:05:00,C1017,PC-C1017,https://intranet.dtaa.com/home,WWW Visit,
H-C1018-20,05/22/2011 13:05:00,C1018,PC-C1018,https://wetransfer.com/upload,WWW Upload,
H-C1019-20,05/22/2011 13:05:00,C1019,PC-C1019,https://intranet.dtaa.com/home,WWW Visit,
H-C1000-21,05/23/2011 13:05:00,C1000,PC-C1000,https://dropbox.com/upload,WWW Upload,
H-C1001-21,05/23/2011 13:05:00,C1001,PC-C1001,https://intranet.dtaa.com/home,WWW Visit,
H-C1002-21,05/23/2011 13:05:00,C1002,PC-C1002,https://intranet.dtaa.com/home,WWW Visit,
H-C1003-21,05/23/2011 13:05:00,C1003,PC-C1003,https://intranet.dtaa.com/home,WWW Visit,
H-C1004-21,05/23/2011 13:05:00,C1004,PC-C1004,https://intranet.dtaa.com/home,WWW Visit,
H-C1005-21,05/23/2011 13:05:00,C1005,PC-C1005,https://intranet.dtaa.com/home,WWW Visit,
H-C1006-21,05/23/2011 13:05:00,C1006,PC-C1006,https://intranet.dtaa.com/home,WWW Visit,
H-C1007-21,05/23/2011 13:05:00,C1007,PC-C1007,https://intranet.dtaa.com/home,WWW Visit,
H-C1008-21,05/23/2011 13:05:00,C1008,PC-C1008,https://intranet.dtaa.com/home,WWW Visit,
H-C1009-21,05/23/2011 13:05:00,C1009,PC-C1009,https://intranet.dtaa.com/home,WWW Visit,
H-C1010-21,05/23/2011 13:05:00,C1010,PC-C1010,https://intranet.dtaa.com/home,WWW Visit,
H-C1011-21,05/23/2011 13:05:00,C1011,PC-C1011,https://intranet.dtaa.com/home,WWW Visit,
H-C1012-21,05/23/2011 13:05:00,C1012,PC-C1012,https://intranet.dtaa.com/home,WWW Visit,
H-C1013-21,05/23/2011 13:05:00,C1013,PC-C1013,https://intranet.dtaa.com/home,WWW Visit,
H-C1014-21,05/23/2011 13:05:00,C1014,PC-C1014,https://intranet.dtaa.com/home,WWW Visit,
H-C1015-21,05/23/2011 13:05:00,C1015,PC-C1015,https://intranet.dtaa.com/home,WWW Visit,
H-C1016-21,05/23/2011 13:05:00,C1016,PC-C1016,https://intranet.dtaa.com/home,WWW Visit,
H-C1017-21,05/23/2011 13:05:00,C1017,PC-C1017,https://intranet.dtaa.com/home,WWW Visit,
H-C1018-21,05/23/2011 13:05:00,C1018,PC-C1018,https://wetransfer.com/upload,WWW Upload,
H-C1019-21,05/23/2011 13:05:00,C1019,PC-C1019,https://intranet.dtaa.com/home,WWW Visit,
H-C1000-22,05/24/2011 13:05:00,C1000,PC-C1000,https://dropbox.com/upload,WWW Upload,
H-C1001-22,05/24/2011 13:05:00,C1001,PC-C1001,https://intranet.dtaa.com/home,WWW Visit,
H-C1002-22,05/24/2011 13:05:00,C1002,PC-C1002,https://intranet.dtaa.com/home,WWW Visit,
H-C1003-22,05/24/2011 13:05:00,C1003,PC-C1003,https://intranet.dtaa.com/home,WWW Visit,
H-C1004-22,05/24/2011 13:05:00,C1004,PC-C1004,https://intranet.dtaa.com/home,WWW Visit,
H-C1005-22,05/24/2011 13:05:00,C1005,PC-C1005,https://intranet.dtaa.com/home,WWW Visit,
H-C1006-22,05/24/2011 13:05:00,C1006,PC-C1006,https://intranet.dtaa.com/home,WWW Visit,
H-C1007-22,05/24/2011 13:05:00,C1007,PC-C1007,https://intranet.dtaa.com/home,WWW Visit,
H-C1008-22,05/24/2011 13:05:00,C1008,PC-C1008,https://intranet.dtaa.com/home,WWW Visit,
H-C1009-22,05/24/2011 13:05:00,C1009,PC-C1009,https://intranet.dtaa.com/home,WWW Visit,
H-C1010-22,05/24/2011 13:05:00,C1010,PC-C1010,https://intranet.dtaa.com/home,WWW Visit,
H-C1011-22,05/24/2011 13:05:00,C1011,PC-C1011,https://intranet.dtaa.com/home,WWW Visit,
H-C1012-22,05/24/2011 13:05:00,C1012,PC-C1012,https://intranet.dtaa.com/home,WWW Visit,
H-C1013-22,05/24/2011 13:05:00,C1013,PC-C1013,https://intranet.dtaa.com/home,WWW Visit,
H-C1014-22,05/24/2011 13:05:00,C1014,PC-C1014,https://intranet.dtaa.com/home,WWW Visit,
H-C1015-22,05/24/2011 13:05:00,C1015,PC-C1015,https://intranet.dtaa.com/home,WWW Visit,
H-C1016-22,05/24/2011 13:05:00,C1016,PC-C1016,https://intranet.dtaa.com/home,WWW Visit,
H-C1017-22,05/24/2011 13:05:00,C1017,PC-C1017,https://intranet.dtaa.com/home,WWW Visit,
H-C1018-22,05/24/2011 13:05:00,C1018,PC-C1018,https://wetransfer.com/upload,WWW Upload,
H-C1019-22,05/24/2011 13:05:00,C1019,PC-C1019,https://intranet.dtaa.com/home,WWW Visit,
H-C1000-23,05/25/2011 13:05:00,C1000,PC-C1000,https://dropbox.com/upload,WWW Upload,
H-C1001-23,05/25/2011 13:05:00,C1001,PC-C1001,https://intranet.dtaa.com/home,WWW Visit,
H-C1002-23,05/25/2011 13:05:00,C1002,PC-C1002,https://intranet.dtaa.com/home,WWW Visit,
H-C1003-23,05/25/2011 13:05:00,C1003,PC-C1003,https://intranet.dtaa.com/home,WWW Visit,
H-C1004-23,05/25/2011 13:05:00,C1004,PC-C1004,https://intranet.dtaa.com/home,WWW Visit,
H-C1005-23,05/25/2011 13:05:00,C1005,PC-C1005,https://intranet.dtaa.com/home,WWW Visit,
H-C1006-23,05/25/2011 13:05:00,C1006,PC-C1006,https://intranet.dtaa.com/home,WWW Visit,
H-C1007-23,05/25/2011 13:05:00,C1007,PC-C1007,https://intranet.dtaa.com/home,WWW Visit,
H-C1008-23,05/25/2011 13:05:00,C1008,PC-C1008,https://intranet.dtaa.com/home,WWW Visit,
H-C1009-23,05/25/2011 13:05:00,C1009,PC-C1009,https://intranet.dtaa.com/home,WWW Visit,
H-C1010-23,05/25/2011 13:05:00,C1010,PC-C1010,https://intranet.dtaa.com/home,WWW Visit,
H-C1011-23,05/25/2011 13:05:00,C1011,PC-C1011,https://intranet.dtaa.com/home,WWW Visit,
H-C1012-23,05/25/2011 13:05:00,C1012,PC-C1012,https://intranet.dtaa.com/home,WWW Visit,
H-C1013-23,05/25/2011 13:05:00,C1013,PC-C1013,https://intranet.dtaa.com/home,WWW Visit,
H-C1014-23,05/25/2011 13:05:00,C1014,PC-C1014,https://intranet.dtaa.com/home,WWW Visit,
H-C1015-23,05/25/2011 13:05:00,C1015,PC-C1015,https://intranet.dtaa.com/home,WWW Visit,
H-C1016-23,05/25/2011 13:05:00,C1016,PC-C1016,https://intranet.dtaa.com/home,WWW Visit,
H-C1017-23,05/25/2011 13:05:00,C1017,PC-C1017,https://intranet.dtaa.com/home,WWW Visit,
H-C1018-23,05/25/2011 13:05:00,C1018,PC-C1018,https://wetransfer.com/upload,WWW Upload,
H-C1019-23,05/25/2011 13:05:00,C1019,PC-C1019,https://intranet.dtaa.com/home,WWW Visit,
H-U-MOHAMMED-0-0,05/02/2011 11:00:00,U-MOHAMMED,PC-U-MOHAMMED,https://intranet.dtaa.com/dashboard,WWW Visit,
H-U-MOHAMMED-1-0,05/03/2011 11:00:00,U-MOHAMMED,PC-U-MOHAMMED,https://intranet.dtaa.com/dashboard,WWW Visit,
H-U-MOHAMMED-2-0,05/04/2011 11:00:00,U-MOHAMMED,PC-U-MOHAMMED,https://intranet.dtaa.com/dashboard,WWW Visit,
H-U-MOHAMMED-3-0,05/05/2011 11:00:00,U-MOHAMMED,PC-U-MOHAMMED,https://intranet.dtaa.com/dashboard,WWW Visit,
H-U-MOHAMMED-4-0,05/06/2011 11:00:00,U-MOHAMMED,PC-U-MOHAMMED,https://intranet.dtaa.com/dashboard,WWW Visit,
H-U-MOHAMMED-5-0,05/07/2011 11:00:00,U-MOHAMMED,PC-U-MOHAMMED,https://intranet.dtaa.com/dashboard,WWW Visit,
H-U-MOHAMMED-6-0,05/08/2011 11:00:00,U-MOHAMMED,PC-U-MOHAMMED,https://intranet.dtaa.com/dashboard,WWW Visit,
H-U-MOHAMMED-7-0,05/09/2011 11:00:00,U-MOHAMMED,PC-U-MOHAMMED,https://intranet.dtaa.com/dashboard,WWW Visit,
H-U-MOHAMMED-8-0,05/10/2011 11:00:00,U-MOHAMMED,PC-U-MOHAMMED,https://intranet.dtaa.com/dashboard,WWW Visit,
H-U-MOHAMMED-9-0,05/11/2011 11:00:00,U-MOHAMMED,PC-U-MOHAMMED,https://intranet.dtaa.com/dashboard,WWW Visit,
H-U-MOHAMMED-10-0,05/12/2011 11:00:00,U-MOHAMMED,PC-U-MOHAMMED,https://intranet.dtaa.com/dashboard,WWW Visit,
H-U-MOHAMMED-11-0,05/13/2011 11:00:00,U-MOHAMMED,PC-U-MOHAMMED,https://intranet.dtaa.com/dashboard,WWW Visit,
H-U-MOHAMMED-12-0,05/14/2011 11:00:00,U-MOHAMMED,PC-U-MOHAMMED,https://intranet.dtaa.com/dashboard,WWW Visit,
H-U-MOHAMMED-13-0,05/15/2011 11:00:00,U-MOHAMMED,PC-U-MOHAMMED,https://intranet.dtaa.com/dashboard,WWW Visit,
H-U-MOHAMMED-14-0,05/16/2011 11:00:00,U-MOHAMMED,PC-U-MOHAMMED,https://intranet.dtaa.com/dashboard,WWW Visit,
H-U-MOHAMMED-15-0,05/17/2011 11:00:00,U-MOHAMMED,PC-U-MOHAMMED,https://intranet.dtaa.com/dashboard,WWW Visit,
H-U-MOHAMMED-16-0,05/18/2011 11:00:00,U-MOHAMMED,PC-U-MOHAMMED,https://intranet.dtaa.com/dashboard,WWW Visit,
H-U-MOHAMMED-17-0,05/19/2011 11:00:00,U-MOHAMMED,PC-U-MOHAMMED,https://intranet.dtaa.com/dashboard,WWW Visit,
H-U-MOHAMMED-18-0,05/20/2011 11:00:00,U-MOHAMMED,PC-U-MOHAMMED,https://intranet.dtaa.com/dashboard,WWW Visit,
H-U-MOHAMMED-19-0,05/21/2011 11:00:00,U-MOHAMMED,PC-U-MOHAMMED,https://intranet.dtaa.com/dashboard,WWW Visit,
H-U-MOHAMMED-20-0,05/22/2011 11:00:00,U-MOHAMMED,PC-U-MOHAMMED,https://intranet.dtaa.com/dashboard,WWW Visit,
H-U-MOHAMMED-21-0,05/23/2011 11:00:00,U-MOHAMMED,PC-U-MOHAMMED,https://intranet.dtaa.com/dashboard,WWW Visit,
H-U-MOHAMMED-22-0,05/24/2011 11:00:00,U-MOHAMMED,PC-U-MOHAMMED,https://intranet.dtaa.com/dashboard,WWW Visit,
H-U-MOHAMMED-23-0,05/25/2011 11:00:00,U-MOHAMMED,PC-U-MOHAMMED,https://intranet.dtaa.com/dashboard,WWW Visit,
